text,target
I don't know about you but I think Alden Ehrenreich nailed the role of Han Solo OK_hand,4
"The PR for DLPack support in CuPy has been merged! Now you can convert CuPy ndarray into PyTorch tensor with zero-copy, and vic…",4
Oh ffs. Such bs. How did he react to recent Consumer Reports' criticism of the Model 3 brakes? I'll help…,0
Super cool  reimplementation (+ new stuff) of our  differentiable stacks/queues/etc (NIPS'15) by  unde…,4
"Now targeting June 1 launch of SES-12 from Pad 40; team using additional time to perform pre-launch vehicle checks, also closel…",2
"I mean, seriously, people.",0
"Step into the Cradle.
#Westworld Co-Creator/Executive Producer/Director Jonathan Nolan, , , a…",2
" I’d say Marseille, from “The Count of Monte Cristo. It’s fun to think about what it looked like when Dum…",4
" Ooch tough one... I'd say Toussaint from The Witcher books and games, it reminds me of where I live (south…",2
Mines Fountains Abbey in Yorkshire.... an old ruin in beautiful countryside. It’s stunning visited in any season!,4
" St Paul's Bay, Lindos. Calming, beautiful and where I got married, so has special significance. Wee whit…",4
" On the Washington peninsula, there's this incredible rainforest with a trail running through called the Hall…",4
"We're almost there.
Stream ""Phase Space"" today before a new episode of #Westworld premieres Sunday at 9PM on : https…",2
"I’m coming home!! Thank you to my family, friends, &amp; colleagues for your constant love &amp; support! My son wrote/produced a…",4
Next year marks the start of the 50th anniversary of the Apollo Program that landed a dozen Americans on the Moon between July 19…,2
Three crew undocked from the  at 5:16am ET to begin their trip home to Earth. Deorbit burn is scheduled for approxi…,2
"Touchdown! ,  and  are back on Earth after parachuting to a landing in Kazakhstan t…",4
"Hello friends , thanks for having Tesla Superchargers at your stores. Will you consider adding squeegee stations? Y…",4
The Soyuz MS-09 crew is in good spirits as launch remains set for 1112 GMT (7:12am EDT) to begin a six-month expedition…,4
"LAUNCH ALERT! We are T-10 minutes to liftoff! Watch live as ,  and Sergey Prokopyev leave planet Earth for…",2
"LIFTOFF! Shooting into the sky at 7:12am ET, the Soyuz rocket carrying ,  and Sergey Prokopyev leaves Eart…",2
"party_popperparty_popperparty_popper I'm excited to announce the release of our spiking neural networks (SNNs) simulation library, BindsNET! The code is all w…",4
"My portrait of  as Angela, a fantastic character taken from us too soon. RIP Angela crying_face #Westworld #FanArt htt…",0
"Check out this gif from our camera that was closest to today's launch of Expedition 56 crew members , …",2
"What’s up guys!!! I’m now on . Please send me a request whether it’s a bday wish, a little motivation, questio…",2
We're looking for a lead full stack developer at  to bring large-scale spatial computing to the masses! PM me for…,2
"The  project, hosted by ’s , continues to expand its scientific partnerships across the globe…",2
"“Welcome to Westworld.”
View the new #Westworld “Host Portrait” of Angela by fan artist and illustrator . …",2
"""Anthony Bourdain spoke up for me at a time when people all over the country were making great fun of the column I write. To…",2
"Code, pre-trained models and paper: ""QuaterNet: A Quaternion-based Recurrent Model for Human Motion"" by Dario Pavllo, David Gra…",2
"This high school pitcher struck out his childhood friend to advance to the state championships.

Instead of celebrating with his…",0
"Well, the video immediately got blocked worldwide by some Chinese company, so I guess I have to figure that stuff out first... Sorry",0
Your E3 reactions?,2
.’s Tribeca selection CHEF plays the second annual edition of our free #TribecaDriveIn this Friday night at #Westf…,2
"I made a  implementation of 's pretrained transformer with a script to import OpenAI's pre-trained model.

Li…",2
"Paper &amp; #PyTorch code for 2nd place in #CVPR2018 DeepGlobe Building Extraction Challenge:
TernausNetV2: Fully Convolutio…",2
New Super Moon out tonight... which means it's #MilkyWayChasers time! This Milky Way image captured at Peninsula Point Lig…,4
Is it possible to predict 3D data and semantics for a full 360° view using only a single image? Come to our oral for Im…,2
"I thought these 3 could be friends, so I photoshopped them together.    …",4
"Heading back into the factory, so that’s enough for now. Don’t take my Tweet too seriously. For one thing, it’s called a “Twe…",2
"Kathy Lueders, Manager of the NASA  Program based at , talks about the  and …",2
I'm walking the floors of  later today for a couple of hours! I'm predicting lots of Fortnite and IRL streams...,4
"Last one off the island, be sure to shut the Galaxy lights off. #canaislandlighthouse #doorcounty #lakemichigan #milkyway…",2
"The setting sun illuminates a red barn at Edray, WV following a spring thunderstorm. I always enjoy visiting this barn…",4
"""I hope there's part of her that's still fighting to live.""  talks Clementine's heartbreaking Season 2…",0
"Just released our #ICML2018 paper ""Gated Path Planning Networks"" as well as a  implementation for replicating our exp…",2
'Deep learning for visual SLAM' workshop was overflowing earlier. Smashing to see SLAM back in the headlights! Congrats…,4
#SAMURAIBLUE　GOAL！　#COLJAP,4
Gooooooooal! #COLJPN,4
"Key stats from #COLJPN:

backhand_index_pointing_right  The first #WorldCup victory for a team from  against a South American nation

backhand_index_pointing_right…",4
"GraphRNN: Generating Realistic Graphs with Deep Auto-regressive Model by , R. Ying, , …",2
I'm happy to announce the first release of ignite - a high level library for  helping you write compact but full…,4
"It’s #NationalSelfieDay!camera_with_flashLocated 250 miles above Earth, the   provides a unique perspective for  to…",2
Here is how we  do awesome large scale distributed #DeepLearning with  in the Cloud for #AutomatedDri…,4
"The US government has announced a new strategy to detect more asteroids and comets that could crash into Earth, and is…",2
"[bong rip]

[exhale]

lobsters made a deal with the devil for conditional immortality and it backfired on them. you cannot c…",0
"More than 600 students from over 40 countries will demonstrate their Pod designs for a next-generation, high-speed transport…",2
"[hospital]
SURGEON: [lowers mask] I'm sorry, we were unable to separate the art from the artist
ME: is he
S: yes, he's s…",0
"VAR: Penalty Review
Penalty confirmed by VAR.
Reason: There was a foul.

Karim Ansarifard equalises for IR Iran!

#IRNP…",2
The new video still gets blocked worldwide even after the 5th re-edit... The YouTube Gods are really letting me have it,0
"#AI bots just beat humans at the video game Dota 2. That’s a big deal, because their victory required teamwork and collabora…",4
"Group H came down to the finest of margins. #JPN go through ahead of #SEN, with the Lions of Teranga eliminated on Fair P…",2
Japan’s Hayabusa 2 sample return spacecraft has arrived at asteroid Ryugu after a three-and-a-half-year journey from Ea…,2
"So...

#URUPOR UruguayPortugal
#ESPRUS SpainRussia
#FRAARG FranceArgentina
#CRODEN CroatiaDenmark
#BRAMEX BrazilMexico
#SWESUI SwedenSwitzerland
#BELJPN BelgiumJapan
#COLENG ColombiaEngland

Exci…",2
Nice new results from    along with a  reimplementation of the world models paper.…,4
"Happy to say that #Reworks is out now! Feat. guest remixes from , , ,  and…",4
#ESPRUS Congrats #Russia!,4
"7000 cars, 7 days
heart_suit Tesla Team heart_suit",2
"Elation for Belgium, but utter heartbreak for #JPN

Thank you for contributing so much to a #WorldCup classic and for ev…",4
Philip Levine appointed U.S. Poet Laureate - succeeds W.S. Merwin. http://bit.ly/p4qr49,2
Thread: Books I've recently read and recommend --&gt;,2
The quest for optimal normalization in neural nets continues. SwitchNorm: add BatchNorm + InstanceNorm + GroupNorm with a lea…,2
The official repository for the Deep Reinforcement Learning Nanodegree program at  is now public!  Check it out…,2
Not entirely sure why BBC News is currently showing library footage of Boris Johnson holding an iguana but we are where we ar…,2
Google Cloud Platform now provides prepackaged VM images for  and  that work with Cloud GPUs out of the bo…,2
"Friend, new to coding: I don't fully understand my code &amp; it bothers me

Me: That's normal, never entirely goes away

Me,…",2
"I sometimes present the abstracted version of this chart,

but the full data series gives you a real sense as to the drama…",2
"My conversation with  is up on YouTube.
As  says, he is the sweetest man on Earth.
#…",4
"Trumps in london town , gona head to Chicago face_with_tears_of_joy airplane",4
"Thanks to  for mentioning our work and ultimately for producing such a powerful platform making this possible.

ht…",4
"A dream come true to have a poem in the new .  So honored to be a part of this brilliant issue! Enjoy ""Bern…",4
Someone go to  with me this week in Seattle lol,2
What’s the 411,2
"Blue Origin takes another step toward launching people on short, suborbital trips into space with a successful high-alt…",2
"Make the jump to lightspeed with Solo: A Star Wars Story! Available on Digital, #MoviesAnywhere​, and 4K UHD Sept. 14. On Blu…",2
"HAPPY BIRTHDAY, DEAR! (ﾉ´ヮ´)ﾉ*:･ﾟ✧
It’s the birthday of the lovely  ! I hope I haven’t butchered your c…",4
"Today we buried David Rosenkrantz, a WWII Paratrooper killed in Netherlands. David was missing for 74 years b/f his remains…",0
"The final master for  x  - Harpoon sounds so clean!!! firefirefire

On repeat until I hear it at …",4
"Jonathan Gold was one of the most widely admired voices of Los Angeles, the city where he was born and raised. He wrote about…",2
"Dr. Chris Fall, Nominee for Director Office of Science / Principal Deputy Director of ARPA-E, visits PIP2IT and CMTS, hear…",2
Team  hit a top speed of 88 mph during the run.,2
Everyone is having a blast hanging out at . Badgerloop President Kali just gave a brief presentation about our expe…,4
"#Valentia is ready for   #PodCompetition! Discover Spain's representation,  check out our booth and feel…",2
Team  hit a top speed of 53 mph during the run.,2
Team ’s official top speed was 284 mph – beating last year’s record!,4
Congratulations to all teams in the student  competition! To make high-speed pods that can opera…,4
Looking for Dota teams with average MMR 6k+ to test OpenAI Five in advance of the Aug 5th Benchmark. Interested in playing? Contac…,2
kitchen_knife  &amp; red_heart  - “Harpoon”! It doesn’t get any bigger than this supreme collab for #NERDWEEK out now w…,2
"#FightOnForever, Willie Brown.

USC’s original I-formation tailback, who was a player and assistant coach on Trojan nati…",0
ActiveStereoNet: End-to-End Self-Supervised Learning for Active Stereo Systems. Great results from using deep learning for…,2
"And so I appeal to a voice, to something shadowy,
a remote important region in all who talk:
though we could fool each oth…",2
Excited to be back in LA tonight   with the squad  &amp;  on the supportfire,4
HOLY SHIT!!!!  you were incredible as always and  you were wild as FUCK thanks for making it an epic…,4
"me at 13: wow i can’t wait til we have immersive computers everywhere like star trek
me at 30: wow i can’t wait until we de…",4
"This #polarbear home was invaded from tourists from the Cruise Ship MS Bremen. He defended himself, in his home, mildly i…",0
"This new project from  is set to feature:
-
-
-
-
- …",2
"I reckon We could live in Scottsdale Arizona it’s got that West Australia heat where we feel at home , thank you everyone who came out victory_hand_medium-light_skin_toneUnited_States",4
my latest editorial (and last thing we publish before our August hiatus) is about how painful and difficult it is to read Eu…,0
"Powerful essay on how upsetting it is to read Euripides now, and the difference between reading and activism.  ""Read Eur…",0
"Andromache to her son before he's taken away forever:

Child, are you crying? Do you understand?
Why are you clinging, c…",0
"Hecuba knows that the administration took away her baby grandson because they were scared of him.  ""This tiny body frigh…",0
"Tune into  at 5:30 PM EST to hear ARK Analyst, , weigh in on Tesla earnings with ! https:/…",2
"How to watch OpenAI Five Benchmark:

- OpenAI Benchmark will be livestreamed in English, Russian, and Chinese
- Stream starts 12:3…",2
Check out the summary video of our upcoming  publication: “Learning Synergies between Pushing and Grasping wi…,2
Tesla's autonomous computational hardware is 3 years ahead of any other automotive manufacturer.,2
"A pleasure to host Dr. Sumit Goswami, Counsellor (Defense Technology &amp; S&amp;T) Embassy of India, discuss our IIFC collaborati…",4
"Flying on the first crewed test flight of ’s #Starliner spacecraft will be ,  &amp; . Afte…",2
The first regular mission of ’s #CrewDragon spacecraft will carry  &amp;  to the  where t…,2
Ain’t nothing better than a Brooklyn show followed by a dirty street gyro  black_heart u NYC,4
Stayed up late last night integrating 's awesome new OpenAI Five logo into the Dota UI. Some features are just worth stay…,4
heading to Atlantic city for the first time ever and excited about it,4
Revealed: OpenAI Five now supports drafting. Adds a new layer of dynamism to the game! Very excited to see how these top 99.95th p…,4
"Humans call gg (good game, resigning the game)!!!!! OpenAI Five wins game number one versus top 99.95th percentile Dota players.",2
Humans call gg for game 2!!!! OpenAI Five has won a best of three vs top 99.95th percentile of Dota players. Extremely good play b…,4
This time: Twitch chat and audience will pick the heroes that OpenAI Five plays. Expecting an adversarial lineup. Should be intere…,2
Win probabilities revealed now: Five thinks it has a 2.9% chance of winning after audience adversarially picks its hero lineup. Cr…,0
OpenAI Five declares the win probability to be less than 1%. This is the closest thing to a gg that they do!!! Great plays by the…,2
And that’s game!!!!! Humans win game 3! Congratulations to  and friends!!!!,4
"Exciting match today! OpenAI Five won first 2 games, and humans won 1 with the audience picking the draft in favor of the humans.…",4
"Foreign aid is one of the best investments that the U.S. can make. Now is the time to strengthen programs like
. htt…",2
" Very excited to say that there are now at least 11 implementations of NAC/NALU on  (2 trending!!), and one…",4
"America’s wind industry supports more than 100,000 American jobs at over 500 facilities across the country. Wind energy…",2
"First objective testing of lane-keeping (and other level 2 autonomous features) that I've seen.

Tesla Model 3 lane-keeping…",2
"""If we were not so single-minded
about keeping our lives moving,
and for once could do nothing,
perhaps a huge silence
mig…",0
"This is the first thing
I have understood:
Time is the echo of an axe
Within a wood.

—Philip Larkin, born #OTD in 1922 https…",2
"#Space isn’t just promising life on mars, it’s improving life on earth! Listen as ARK Industrial #Innovation Analyst, …",4
Thanks  for visiting. Looking forward to partnering with  and Daresbury Lab on PIP-II HB650 Cr…,4
"Hours before the rise of the very star it will study, our #ParkerSolarProbe spacecraft launched from  at 3:31am ET to…",4
"On sim2real and depth from mono, cool #ECCV2018 paper combining both ideas (using my vkitti dataset!): T2Net: Synthetic-to-R…",2
"Exploration to the Moon and Mars will expose astronauts to five known hazards of spaceflight, including isolation and confinement…",0
"NASA Astronaut Ed White made history on June 3, 1965, when he floated out of the hatch of his Gemini 4 capsule into th…",2
Looking for Dota teams with average MMR 6k+ to test the latest version of OpenAI Five. This week &amp; weekend only! Please ping brook…,2
Always exciting to see innovative ideas like the proposed Dugout Loop to  Stadium that could help ease congestion on…,4
"BREAKING: ’s  will build a 3.6 mile tunnel from East Hollywood to Dodger Stadium that can carry 1,…",2
LA County is at the forefront of new technology &amp; #greenjobs. I look forward to seeing this new tunnel take riders to …,4
"The Boring Co. announces plans to build ""Dugout Loop"" transit system between Dodger Stadium and Red Line. The more mob…",2
Details on Elon Musk’s promise to build a high speed transportation system that would reduce a fan’s ride to Dodger Stadi…,2
"Christmas came early. Thanks for the $5 missing propane tank sorry note

I’ll be framing it next…",4
Defeating traffic is the ultimate boss battle,0
"To educate girls is
to reduce poverty.
(Kofi Annan)
May his noble soul rest in peace. Ameen",2
"In hundred_points days, I’m scheduled to land on #Mars. My touchdown is set for November 26, making the days around the Thanksgiving ho…",2
"In 1936 our founder asked Amelia Earhart to share her favorite poem. She responded, “I should feel a traitor to my personal d…",2
Will the service providers subsidize the costs to access Tesla Nation Citizens?  And what data or…,2
"After #AtlasNet, exciting to go at #ECCV18 to present ideas about finding correspondences in 3D shapes with: ""3D-CODED…",4
You KNOW how I feel about the brilliant  raising_hands_light_skin_toneraising_hands_light_skin_toneraising_hands_light_skin_tone and the incredible young girl activists she works hard to suppor…,4
"Astronauts on Apollo 8 captured the first “Earthrise,” and now, astronauts on the space station capture Earth’s lights,…",2
Fresh off the press! Download ARK's newest white paper on #CRISPR Genome-Editing: Market Opportunity and Key Players. https:…,2
"Congratulations to Team paiN, the Dota 2 pro team who just beat OpenAI Five in a 51 minute game. Lots of extremely exciting plays…",4
"John Anderson presents ""Safety by Design"" in the PIP-II All Hands today. Excellent start for a critically important topic.…",2
"It’s on! The PIP-II project  has been greenlighted by the American Department of Energy.
Its purpose : to upgrade…",2
"Congratulations to Xiao8, BurNIng, rOtK, Ferrari_430, SanSheng — top-tier Dota players who defeated OpenAI Five after 45 mins of e…",4
"Here's a sneak peek at our new Federated Learning interfaces using  and PySyft.

Try Federated Learning Using Op…",2
OH: “I think in 10 years tech billionaires will be buying esports teams in the same way oil billionaires buy basketball teams now”,2
Few poems in 20th (or any century) so important as this for both their literary merit and a particular political invocation…,2
"Grant Hammond, a long-time associate of Boyd’s and the author of The Mind of War, John Boyd and American Security (Smithsonia…",2
"So many of us come from water
but when you come from water
no one believes you.
Colonization keeps laughing.
Global warming…",0
"First day of international Cryomodule Workshop at BARC. Great DAE Conference Center, excellent program by IIFC. Sergey K t…",2
"In her guest editor's note,  wrote about what this publication means to her: ""I love that Assembly offers gi…",4
We've published  code of Differentiable RANSAC for a toy problem: fitting lines. A CNN learns to predict points…,2
We all love those happy squeaks and giggles from the slimes of #SlimeRancher by  - hear them like never befor…,4
Our team is at #ECCV2018 this week to share work on end to end deep learning algorithms for self driving cars. Get in touch w…,2
"2016: nVidia introduces the drive PX 2, a 16 tera-op liquid-cooled supercomputer for the car to enable autonomous capability…",2
I’ll see y’all on movies screens starting this Friday! Get there early to watch the new episode of #ReelFood. I’m making…,2
new: 5 times more migrant children are in federal custody than last summer -- shelter operators say it's straining the sy…,0
"How about this for #TBT? You know the names, but do you know the faces? Tomorrow, it's  and  in…",2
"""So Matilda’s strong young mind continued to grow, nurtured by the voices of all those authors who had sent their books out int…",4
More cool news! Just released a pretty huge / codebase for experiments on sentence representations…,4
"Legendary Lauren Bacall was born Betty Joan Perske in NYC on this day in 1924. When her parents divorced, she took her…",2
An important part of astronaut training – taste testing!  astronauts try space food options and choose it…,2
"ProTip: Anytime you get new gear that has an AC adapter of any kind on it, grab a silver Sharpie and write the device on tha…",2
We're looking for interns to join us over winter to contribute to our team. Get in touch if you're interested in robotics x m…,2
“My partner of many years died at home following a long illness. I wrote the poem ‘I Love You’ as a way of remembering—and ma…,0
Learn about our  Program's first test flights of Boeing’s Starliner and SpaceX’s Crew Dragon and what…,2
"From trying on spacesuits to preparing for potential emergencies, see how astronauts are getting ready to fly on the t…",2
"Evan, who is nominated in the Best Actress, Drama Category for her role as Dolores in HBO's Westworld, is wearing a bl…",4
So f******g blessed!!! flushed_face face_with_tears_of_joy What a thrill. Could not be more proud of  and #Maeve. Humbled and full of love. Wi…,4
no worry Fontain is sexy,4
"Rob and Gareth from Knife Party / Pendulum are doing a podcast-ish type stream thing, LIVE - today / tonight!

Wednesda…",2
"Our team will be at the Self-Driving Car Meetup in London on Thursday night, with Jeff Hawke giving a talk about our work usi…",2
"Knifecast will be LIVE in: 5 hours from now. Gather around the fireplace with some gin, bring your pipe or perhaps a qu…",2
"Some BIG names have taken part in 60 yrs of -, incl , , …",2
"Knifecast will be LIVE in: 3 hours from now.

Wednesday 19th
• 4 PM (Pacific)
• 7 PM (Eastern)
• Midnight (UK / BST)

W…",2
"Knifecast will be LIVE in: 2 hours...

Wednesday 19th
• 4 PM (Pacific)
• 7 PM (Eastern)
• Midnight (UK / BST)

We'll tw…",2
"Knifecast will be LIVE in: 1 hour...

Are these posts getting tedious yet? Don't blame me, I'm just a robot

STREAM LIN…",2
"Knifecast will be LIVE in: 30 minutes, but you can join us right now for some elevator music if you like.

STREAM LINK:…",2
"ain't washed in 3 days, eat some ass at the rave! #dubstep",2
"While we're known for studying the far reaches of the universe, thousands of NASA-influenced technologies are right here on Earth…",2
Have been making serious progress on OpenAI Five. Looking for Dota teams with average MMR 6.5k+ or Tier 3 and higher to test the l…,2
"There Is a Crack in Everything, That’s How the Light Gets In – Leonard Cohen, who would have been 84 today, on democracy a…",2
"NEAT (NeuroEvolution of Augmenting Topologies) is now available to work with PyTorch, thanks to Alex Gajewski …",2
" GOP on Bill Cosby: Thank god they finally got him 35 years later.

GOP on the Catholic Church: Thank god they’re…",4
"Based on our country’s continued counterproductive regime-change war policies, it's clear that leaders on both sides of the…",0
This lady dropped her bus card + $50 on Roma and when I tapped her shoulder to give it back she goes “Don’t pester me” upside-down_face S…,0
The center in America is occupied by a shrinking number of conservatives and liberals who do not think it is Armageddon i…,0
I'm gonna say it. Beto O'Rourke makes me uncomfortable. It's not that his rhetoric feels performative. It's that it IS perform…,0
I'll really miss hearing him yelling at clouds.,0
"The trade war? No problem, says Hu Xijin, editor in chief of Global Times. ""Maybe the growth rate will slow one percent.…",2
If sexual assault is as common as Rep. Steve King says it is (and it is) then he should have no trouble believing Dr…,0
"My latest op ed:

“I was sexually assaulted as a teen. Here’s why I didn’t report.”

It took me 30 years to tell anyone.…",0
"Don’t let this go unnoticed: the Violence Against Women Act, which helps survivors of domestic abuse and sexual assault,…",2
red_heart this tweet to get a link to register to vote and an Election Day reminder on 11/6. Your voice is only as loud as your vote. #Na…,2
Blessed are those who can give without remembering and take without forgetting. Bernard Meltzer,4
"What was the first comic book you were introduced to?

Today is #NationalComicBookDay.  Before ,  was in…",2
"SOF Truth II: Quality is better than quantity. A small number of people, carefully selected, well trained, and well led, are p…",2
"“All right, sweethearts, what are you waiting for? Breakfast in bed? Another glorious day in the Corps. A day in the Ma…",0
Satirists have been put out of work by reality.,2
"Trump begins his UN speech by saying his administration has accomplished more than ""almost any administration in the history of…",2
"US President : ""I didn't expect that reaction.""

#UNGA laughs after Trump claims his ""administration has acc…",2
"Knifecast will be streaming TONIGHT! With a special guest. At the new time of...

Wednesday 26th
• 2 PM (Pacific)
• 5 P…",2
There are mechanics of leading and there is “art.” The art of leading is balancing the needs of individuals with the ne…,2
"Q: Should there be a full FBI investigation into Kavanaugh’s past?

- “it would sure clear up all the ques…",2
Ummm ... sorta walked into that one. The Senate certainly had the right to not confirm Gar…,0
The guy who took this picture is your definition of underemployed. Day starts at 5:30am to sell coffee outside a well know…,0
Heterosexuality must be so fragile if kids are ‘indoctrinated’ into ‘gay lifestyles’ by just seeing gay people kiss in publi…,0
"Jeanine Pirro just said that Ford might have been hypnotized into telling her story

This is Fox News

At 5 o'clock

On…",2
"I have learned
To look on nature, not as in the hour
Of thoughtless youth, but hearing oftentimes
The still, sad music of h…",2
"April is the cruellest month, breeding
Lilacs out of the dead land, mixing
Memory and desire, stirring
Dull roots with spri…",0
"Knifecast will be LIVE in: 1 hour...

Wednesday 26th
• 2 PM (Pacific)
• 5 PM (Eastern)
• 10 PM (UK / BST)

STREAM LINK:…",2
"“There is no sacrifice too great for a chance at immortality.” - Humphrey Bogart as Dixon Steele, In a Lonely Place (19…",2
Withdraw now. Because the safety and dignity of women is no longer secondary to the needs of powerful men. #TIMESUP http…,2
A 92-year-old woman has been buried in Nebraska with British military honors for a secret that she held for decades: h…,0
" Did he question their silence, tell them boys will be boys? Did he immediately go to the police? Sigh",0
A reminder that Mitch McConnell said Al Franken was unfit to serve in the U.S. Senate after a series of he-said-she-said ha…,2
"Right now, Hawaii is really winning the Which State Has the Best Senators Competition",4
"“Ms. Swetnick holds active clearances at the Treasury Department, U.S. Mint and Internal Revenue Service. She said in h…",2
Julie Swetnick is a registered voter in Washington not affiliated with any political party. FEC records show no federa…,2
"Pyongyang Film Festival to screen ""The Omen,"" widely praised western horror film concerning demonic child embarking on caree…",2
Brock Turners grow up to be Brett Kavanaughs who make the rules for Brock Turners.,2
"We are, I am, you are
by cowardice or courage
the one who find our way
back to this scene
carrying a knife, a camera
a book o…",0
This is why I have a hard time believing him -- bc he lies so much. The Renate alumni thing is clearly false. Why not just…,0
Canadian Don McKay wins Governor General's award and was one of two recipients of the Griffin Poetry Prize http://tinyurl.com/2mazty,4
The biggest prize for a law school is to have an alum land on the Supreme Court. Yet Yale Law School is urging a delay in…,2
"Today, every woman in America was Dr. Christine Blasey Ford’s co-witness. We believe you. We are with you. #BelieveSurvivor…",2
"I finally read On Writing, Stephen King's classic book on learning to write good. It is excellent, and worth it for all…",4
"Aligning PIP-II milestones with our UK partners. Thank you, Peter, Phil, Shrikant (Anthony, Tim not shown), for a producti…",2
"So, if the FBI finds out that Kavanaugh lied under oath about almost anything, they have to look the other way - because…",0
" Confirmation numbers, Ruth Bader Ginsburg 96-3, Anthony M. Kennedy 97-0, one GOP and one Dem nominee. Amazing…",4
"The Violence Against Women’s Act expires tomorrow and so far not one Republican has signed on as a co-sponsor.

Let that sink…",2
"   Matt Damon as raging,sniffing Brett Kavanaugh. He killed it &amp; had me rollin' on…",4
And the winner of the “2018 SNL Sean Spicer Emasculation Award” for Best Actress playing a man goes to Kate McKinnon fo…,4
"“I don’t know if Kavanaugh has a history of assault or if he actually has a drinking problem, but I do know that he might…",0
"One of Iraq’s most influential social media stars, model Tara Fares, has been shot dead in Baghdad earlier on Thursday. A p…",0
Imagine how beautiful it would be to have someone in this world as intelligent and interesting as Kanye thinks he is,4
The last eight years have been Kanye trolling us after MBDTF wasn't even nominated for album of the year.,0
Wish I was shocked by Mac Miller’s death. Wish people understood how to support them. In and out of the game. Wish more…,0
"    “For women” on the reflection eternal album, possibly one of the greatest “c…",4
Kellyanne Conway is a victim of sexual abuse and she works for the president because he didn't do it to her. Let that sink in.…,2
"Lt. Col. Patrick Schreiber, a retired Kansas Army officer, has lost his fight in federal court over his adopted daught…",0
"I don't always agree with , but he's on target here. Whether in debate tournaments or on Capitol Hill, we've allo…",2
Conservatives who loved my Clinton antipathy and Russiagate skepticism have mass-unfollowed and denounced because they can’t h…,0
We're at #IROS2018 in Madrid this week. Come and chat to us about our work on end-to-end deep learning for self driving cars!…,2
"It took me 5 years to say anything.
I was 12 years old.
I was in a residential treatment center.
It would have been the…",0
"    Hahahahahahabbahaahhahahahahahhahahahahahahahahahahahahahahahaha

I…",4
"64 million children of primary school age
61 million adolescents of lower secondary age
138 million youth of upper s…",2
It's the #NASA60th anniversary -- and what a great 60 years it has been. What have we done and where are we going? Here's a look…,4
Excited about the release of fastai v1! fastai is the 1st deep learning library to provide a single consistent (&amp; state-of…,4
We just open sourced the PyTorch Geometry package. A geometric computer vision library for . Give it a shot and don'…,2
"Knifecast will be streaming TONIGHT!

We'll be speaking with our friend and former-bandmate

Wednesd…",2
I've got  winning the #ALWildCard on TBS. #PinstripePride,4
"Knifecast will be LIVE in: 1 hour...

Wednesday 3rd
• 2 PM (Pacific)
• 5 PM (Eastern)
• 10 PM (UK / BST)

STREAM LINK:…",2
"As  Yousafzai begins her second year at university, in the November issue of  on newsstands this F…",2
We are delighted to welcome into the collection a portrait of #Malala Yousafzai by acclaimed Iranian-born artist and filmmak…,4
The Soyuz crew ship parachutes have deployed slowing the Exp 56 crew's descent back to Earth. They are headed for a land…,2
"There’s no place like home! Earth has 3 more people on it as ,  and  land at 7:44am ET after a…",2
"I'm extremely excited to officially announce our new library, GPyTorch, which has just gone beta! Scalable Gaussian proces…",4
"This is major. John Paul Stevens states that Brett #Kavanaugh's performance was DISQUALIFYING.

Stevens is one of the…",2
" I did think it was interesting to hear what Stevens had to say, just as someone whose had the job and is 98 ye…",2
"What do
-The Catholic Journal
-The largest organization of Christian churches
-Former Supreme Court Justice John Paul Stev…",2
"Nearly 1,000 law professors have signed an open letter to the US Senate stating that Brett Kavanaugh lacks the “judicia…",2
"The ABA Standing Committee on the Federal Judiciary has sent a letter to  , regarding the re-opening of their eval…",2
"''The UK is one of the least racist societies across Europe""

""It's funny that you're a white man saying that! How ar…",0
"Muslim woman in #Hijab makes valid points and audience members tell her to calm down. Funny that, Muslim woman who doesn’t…",0
“Whatever is begun in anger ends in shame” (Ben Franklin). Responsible leaders temper emotions not stoke them. They res…,2
"The worst part about these #KavanaughHearings (and its all terrible) is that the parties have divided us so much that, go…",0
"Dozens of men are being arrested in D.C. right now for protesting Kavanaugh’s confirmation.

Imagine if our Senators sto…",2
"You know your country is failing the people when the Bar Association must do what the Senate should have done, and prop…",0
"""No private company can continue operations"" in the U.K. if it becomes unprofitable, Koji Tsuruoka told reporters afte…",2
Just a reminder that Susan Collins called on Al Franken to resign without the so-called due process and presumption of i…,2
"The U.S. is the top producer of natural gas in the world today thanks to our abundant resources, new discoveries, and i…",4
My simple Rapture and Columbia illustrations sparklessmiling_facetwo_hearts    #rapture #bioshock #columbia #bioshockinfinite…,2
"Please join me, and our family in London on 10 November for a special event to celebrate the launch of my book #LetHe…",4
Enjoyed my meeting with  Deputy Minister Yamawaki and Director General Isogai where we discussed internation…,4
We want girls to take part in creating the technology that will change our world — and who runs it. Read ’s new repo…,2
"Italy Meet A/Prof Anna Grassellino (), tech. division deputy director . AG discovered that nitrogen doping…",2
"Knifecast will be LIVE in: 4 hours from now, with .

Wednesday 10th*
• 2 PM (Pacific)
• 5 PM (Eastern)
• 1…",2
"., right, and cosmonaut Alexey Ovchinin, left, embrace their families after landing in Baikonur, Kazakhstan. Hague and…",4
I included this little reference on my save the dates for my wedding. I can’t wait for my guests to ask where I got th…,4
"“Wassily Kandinsky has long been widely regarded as the forefather of abstraction, but as the shows of af Klint’s work cle…",2
Trump sure knows how to talk to the home state of Grant.,2
This is egregious bullshit--it's the romantic narrative that was built up post-civil war. All those Union Soldiers were f…,0
we all have idiosyncratic definitions of luxury based on our parents’ relationship with money and for me the absolute he…,2
What’s it called when you’re beating one out on the turnpike?,2
"The dude with the sword? That’s Gavin McInnes, founder of the far-right fascist gang the Proud Boys. The vandalism? No e…",2
"I almost screamed at one of the scooter cops to do something while the Proud Boys were pummeling people. So I gotta ask, w…",0
"Winning is not the only thing in leadership. Ethics matter. Otherwise there is no loyalty, no compassion, no moral comp…",2
"President Trump's approval rating should be much higher, given the strong economy. Nevada, which has bounced back smartly…",2
Enjoyed my meeting at the Diet’s Tokubetsu-shitsu with former ministers &amp; current Diet members. Thanks for taking the…,4
"I've spent most of 2018 training models that could barely fit 1-4 samples/GPU.
But SGD usually needs more than few samples/b…",2
"There are many measures of a leader. Besides their own personal conduct, they can be measured by the friends they keep.…",2
"Since its inception, the #MKT4Intel Conference at  has brought together top experts in AI to share and discu…",2
"Knifecast will be streaming TONIGHT!

We've got  in the studio, founder of Subtitles Records and half of duo…",2
"Knifecast will be LIVE in: 4 hours from now, with .

We'll tweet a link to the stream an hour before.",2
Coming up LIVE on October 23 from 9-11:30amET watch #Transformers Space featuring an interview with  Mike Pence. You'll al…,2
"OKI FORTNITE JUST TOLD ELON MUSK ""JUST BUILD LOL""

THAT'S IT. WE'RE DONE HERE",2
"Breaking: Michael Cohen tells me American people must head to the polls and vote against Trump, predicting that if they did not…",2
"Michael Cohen: ""Listen, here's my recommendation. Grab your family, grab your friends, grab your neighbors, and get to the pol…",2
"The UAE hired former US special forces operators to assassinate leaders in Yemen it wasn’t fond of, a new Buzzfeed invest…",0
"An intense synergy between the US and Israeli academy, military, lawyers, &amp; weapons manufacturers mobilized #assassinations int…",2
"NEW:

""Justice Dept Must Open Criminal Investigation Into Potential War Crimes by U.S. Mercenaries in Yemen""

By profess…",0
"“The fact that you can now ship with a container ship through the Arctic along the Northern Sea Route, when even just 10 y…",2
"Most people think all these Central/East European neofascist “populists” sprang out of nowhere, or concocted by Putin s…",2
All I’m saying is I talk a lot about people for someone who doesn’t talk to a lot of people.,2
Not to brag but I’m the favorite conservative of most of my liberal friends.,4
Some days my heart feels especially heavy from this sh*t maaan... and then people’s response is to deny it happens.... d…,0
It was my pleasure to work with the good people of  on this profile of a person I find fascinating: Maria Z…,4
These sunglasses block the wavelengths of light that comes from LED and LCD screens. Put them on and the TV in the sports bar se…,2
David I really do wish Trump supporters who are not racist would acknowledge the extent to which racist Trump supporters…,0
We are looking forward to tonight's Berlin Tech Meetup on Computer Vision Applications with    +…,4
"Lightning round features , Parvin Mousavi, , , , Geoffrey Hinton, …",2
I recently wrote a piece of personal recollections on growing up as teenager in Philly's Underground Hip Hop scene in t…,2
"Leg , chest , pubes no discrimination here",2
A big thanks to our amazing #TransformersSpace guests      …,4
Thanks to the  astronauts who will fly aboard Crew Dragon for stopping by our McGregor facilities! We test every rocke…,4
"Implanted Apple Lightning USB cable. I kind of want to make this my business card. smiling_face_with_horns

(I just realized I never posted this varian…",4
Note that $TSLA again highlighted the autopilot team on the call. Reiterates its focus on #autonomous driving.,2
"Knifecast will be LIVE in: 4 hours from now, with .

We'll tweet a link to the stream an hour before.",2
"deadmau5 ✘ Knife Party ✘ OFFAIAH (Just Announced) ✘ Ministry of Sound ✘ 11.11

We are thrilled to announce that Offaia…",2
"Ellison On Musk: “This guy is landing rockets. You know, he’s landing rockets on robot drone rafts in the ocean. And you…",2
Tesla Autopilot Drive on Navigation going to wide release in North America tonight,2
When you’re in the sea hawks stadium winking_face_with_tongue,4
Chicago is increasingly seen as a world-leading hub for quantum engineering. It is home to the Chicago Quantum Exchange (anch…,2
Pittsburg. “May their memory be a blessing.” A tragic end to a week of hate-and-fear-inspired violence. Innocent people…,0
"If one had to live west , I think San Diego would be the winning ticket,
Now off to the  museum!",4
"Hey , the support group for back-to-back #WorldSeries losers meets on Tuesdays.",0
Invasion? I once took part in an invasion - when we invaded Iraq in 1991. We all had guns. And tanks. And artillery. And atta…,0
"Our CEO Amar Shah is giving a talk ""Artificial Driving Intelligence: Are we over-engineering self driving cars?"" at …",2
"thank you, Heidi. in the future I will try harder to be the best cover model. if you could please send me specific tips…",4
"""And second of all, how you say I was the wild animal, I attacked you, you was mortified, humiliated, playing the victim, you need…",0
" Set up a fake company under his mom's phone number, tried for weeks to get women to fake sexual assault a…",2
"An agent which learned to play Mario without rewards. Instead, it was incentivized to avoid ""boredom"" (that is, getting into state…",2
⁦⁩ Rahm Emanuel excited about the Chicago Quantum Exchange bringing together multiple partners for discovery and…,4
"If you're in Lisbon for  next week, our CTO  is giving two talks on center stage. Schedule here: https…",2
"Excited to share our #nips2018 paper on differentiable MPC and our standalone  control package!

Joint work with…",4
"""What tends to get lost in the current refugee crisis is the humanity behind the statistics."" —  in her new book, ""W…",0
"Knifecast will be LIVE in: 2 hours 45 mins from now (I forgot to start the timer)

Tonight:  in the building…",2
"Knifecast will be LIVE in: 2 hours from now.

We'll tweet a link to the stream an hour before.",2
WaveGlow: A non-autoregressive generative model for speech synthesis. Our unoptimized  inverts mel-spectrograms at 500 k…,2
"  Dude, can you please pull some strings and see if Bioshock can be ported to Switch?",2
Walked full length of Boring Co tunnel under LA tonight. Disturbingly long. On track for opening party Dec 10. Will be very o…,2
You were incredible. So mad they cut you off face_with_symbols_on_mouthface_with_symbols_on_mouthface_with_symbols_on_mouth,4
why don’t you just give me your mom’s number and we can talk about this like adults before you go to federal prison http…,0
. I'm sorry you keep being harassed by desperate incels.  He'll get all the attention he needs from the FBI h…,0
“Obama was still president the last time I ....”,2
ARK's launching a new Podcaststudio_microphoneHelp us pick the perfect name backhand_index_pointing_right Investing in innovation starts with understanding it. ARK’s po…,2
erryone wish Happy birthday to,4
"Don’t assume you should leave if a polling place is about to close.speaking_head

“If you are in line when the hours of operation clo…",2
Today we're releasing a new blog illustrating how our autonomous vehicle uses computer vision to see the world eyes Including a…,2
"Democracy is a habit, and Americans have been falling out of practice. But habits can be formed as well as lost. Vote even…",2
i took a little trip. to the school down the road. and waited very patiently. as the human checked some boxes. to try and…,2
"“When words stop meaning anything, when people can just make stuff up and there’s no consequences, democracy can’t work. Th…",2
"O, let America be America again—
The land that never has been yet—
And yet must be—the land where every man is free.

—Langst…",2
"I VOTED AND I'M SO HAPPY
You can be too
There is a ballot booth  waiting for YOU",4
"It's time to #VOTETODAY!  If you have any questions about voting, call 866-OUR-VOTE to speak to a live trained volunteer…",2
"""This generation will be remembered for having allowed for concentration camps for children to be built on 'the land of th…",0
Calling all social media users! Want to witness &amp; share the experience of ’s next cargo launch to ? Apply to…,2
Voter suppression is real . In atl they are turning people away for not having an “exact match” on names addresses etc .…,0
Our editor-in-chief Michael talking robotics &amp; autonomous vehicles with  co-founder   2018…,2
"Having hundreds of people explaining to me on Twitter that everything from sex to nature to beauty is ""political"" makes me…",2
No one expected Beto to win. Recent poll had him 9 points ? under. The win was in not getting clobbered / making a reasona…,2
"While we worry about AI, “deep fakes,” &amp; disinformation from Russia &amp; China, the White House is using a doctored video made…",0
"Today marks the 80th anniversary of #Kristallnacht, a reminder of the vital importance of standing up against intolerance a…",2
"Great video of  and  standing up the Quantum Link, the world’s first entangled Quantum Internet! #Nat…",4
"On this #VeteransDay, we salute the Americans who are serving or have served in the military. Thank you for your service, sacrifi…",4
"Backprop meets physically-based 3D rendering on GitHub. Feed in your scene from PyTorch, render realistic pictures with…",2
"""What problem do you most hope AI solves in the next 5 years?""

- Geoffrey Hinton, , , …",2
It is scientifically proven that YouTube videos become 50% funnier when you have important shit to do,2
"I am devastated by the murder of , one of Cleveland's best writers, my longtime social media friend, someon…",0
"The U.S. recorded a $100,500,000,000 budget deficit in October, an increase of about 60% from a year earlier, as spending…",0
Silver lining to all these mysterious November fires? They'll provide an excuse to give away vast tracks of wilderness to our…,2
$3 million is budget dust. Scuttling PKSOI would be a monumentally poor decision that would cost the Army — and DoD — muc…,2
We can’t build strong economies if girls aren’t learning the skills they need to succeed. This month #G20 leaders are meeti…,2
we want to thank all of the brave influencers who have donated completely unrelated thirst traps to the victims of the cali…,4
"Knifecast is LIVE! Right now!

Come and keep us company because we're lonely and make bad decisions

STREAM LINK: https…",2
"Release of MadMiner v0.1.0
A software package to ""mine gold"" from of MadGraph +  implementations of our recent li…",2
Learning to play Atari games without rewards by combining human preferences and expert demonstrations (collaboration with @…,2
"Here's how we beat the state-of-the-art in NLP with HMTL flexed_biceps

Happy to finally share our latest paper on multi-task learni…",4
"Our PyTorch BERT is on pip!
I took extra care to make it both easy to use and modular.
Uses  file caching techn…",2
"Amazing that Ireland has now beaten the All Blacks more times than Munster.
That's some record. beaming_face_with_smiling_eyes
#IREvNZL",4
"Members of the International Neutrino Council visiting the PIP-II Test Facility, learn about DOE's first international acc…",2
"""What should kids study to future proof themselves against AI?""
-  asks Geoffrey Hinton, Marzyeh Ghassemi, …",2
"Today is the 's 20th anniversary! Our orbiting laboratory is convergence of science, technology &amp; human innovation…",4
"Congratulations to , Tituoan Parcollet and Yoshua Bengio on the release of -Kaldi, an open source…",4
"Twenty years ago today, construction began on the greatest international science &amp; engineering project in human history - the …",4
"This championship game is for the state's No. 1 ranking.
Who wants it more?  or

Our picks &amp; previe…",2
A rare glimpse of Chinese workers at a new coal-fired power station in Serbia: coming up on #BBCNewsTen on ⁦⁩ C…,2
"Congrats,  #EXPO2025OSAKA",4
"Just released the v0.2 of MedicalTorch, a PyTorch framework for medical imaging. Available in the comfort if your python pi…",2
"Our  spacecraft stuck the #MarsLanding!

Its new home is Elysium Planitia, a still, flat region where it’s set to stu…",2
"Tataa ! I'm happy to announce the release of #GANpaint today - based on the new #GANdissect method, which helps to identify wh…",4
"Join to create exciting new worlds of technology!! If getting things done matters to you, then , , …",4
"TONIGHT! Knifecast is back with a brand new invention

Our guest this week: Mr. !

We'll be:
• talking shit…",2
"...we mean  of course, not , who is some imposter",2
"Knifecast will be LIVE in: 2 hours from now.

We'll tweet a link to the stream an hour before.",2
musical_keyboard  may have finally cured songwriter's block - her #DeepLearning app Clara uses  and  to compose…,2
" This is completely backwards. Based on what we’ve learned from the Hawthorne test tunnel, we’re moving forward with…",2
Research race to pull carbon dioxide from the air: my take on the emerging science of greenhouse gas removal #COP24 #c…,2
Image padding causes small but measurable artifacts for CNNs. Partial convolution padding improves ResNet-50 Top1 by 0.478% on a…,2
"We're saddened by the passing of former President George H.W. Bush. Seen here, President  speaks at the 20th anniver…",0
"Leaders made some progress for girls’ education at this year’s #G20, but they haven’t gone far enough. My statement on t…",2
"Extracting richer info. than what image &amp; scene recognition provides.

Reducing training cost, adding inference-ability, &amp;…",2
We have just released the #PyTorch source code for FAMOS: a fully adversary framework for image stylization. Come take a l…,2
"One NLP model to rule them all winking_face

We've open sourced code &amp; demo of our latest Hierarchical Multi-Task Learning model. S…",2
"It was a long journey to this commit.

Catalyst.RL – distributed training RL framework based on  
tested on NeurIPS c…",2
makes me really sad that tumblr now even flagged my old undertale animations... I have such fond memories of that time... (╥ᆺ╥；) *sob*,0
I’m literally at the coal face - join us on our underground journey in a Polish coal mine #COP24 ⁦⁩ ⁦…,2
"Let’s talk about preorders. 
Our preorders require a $1,000 deposit and are fully refundable at any time.

(1/5)",2
It was a pivotal moment for the Chung-Ang university  group and the DUNE Korea effort. It was a great pleasure to be…,4
"If you have the words, there’s always a chance you’ll find the way.",2
"It’s SO weird that Barack Obama (the “Muslim”) knew all the words to the Apostles’ Creed, and Donald Trump (the Evangelica…",0
"Me: ""Doc, what's the diagnosis?""
Doctor: ""I'm afraid you have cancer.""
Me: ""Hmm. What's the other side of the science?""
D…",0
 He didn't seem to mind them laying on hands in the Oval. I guess it's a matter of what you feel comfortable pret…,2
" But it's a pretty inconsistent ""not pretending"" that occurs. He's had plenty of inauthentic attempts to pretend at…",0
Tunnel opening now set for 12/18. Need another few days to finish the snail habitat. More details soon!,2
Our clairvoyant night tonight has had to be cancelled due to unforeseen circumstances. If you have purchased a ticket…,0
Boring Company product launch on Dec 18. More than a tunnel opening. Will include modded but fully road legal autonomous tran…,2
"Dead Cells, I kiss you.",4
If you're at #NeurIPS2018 and interested in zero-shot sim2real driving imitation then drop into the 'Imitation Learning a…,2
Today we're presenting some new work we're excited about on sim2real at #NeurIPS2018 in Montréal. Come chat with us at the im…,4
"""Visualizing the loss landscape of neural nets. Just load your pre-trained PyTorch model and get loss surface near the opt…",2
"If you're at NeurIPS in Montréal today, come and see our CEO present our new work on reinforcement learning for self-driving…",2
"fastai has now been updated for the release version of  v1. You can install cuda, cudnn, pytorch, torchvision, a…",2
"UN: Could you write us a report on global warming of 1.5C?
IPCC: It will take years of volunteer effort from scientists.
U…",2
"""I've always said it's hard to fuck without a boner. And making a movie is a marriage. It's gonna show when you're not…",0
This was the moment during the Trump administration's side-event at #COP24 when protestors interrupted to urge the panel to…,0
Our very own  coming in at #33.. Cush was awarded the AFL Ironman of the Year Award for being the best t…,4
"Tonight we're celebrating the 50th anniversary of Apollo 8, humanity's first mission to another world. Our administrator @…",4
It's #InternationalMountainDay today so we are marking the day by paying homage to our breathtaking mountain ranges: the…,4
It was an honor to place a wreath today at the Normandy American Cemetery. Truly moving to hear a few of the specific…,4
"G'day Australia! kangaroo Australia  is answering questions from the land down under on Friday, December 14 at 12 pm ACT. Send in…",2
"The inspirational  is holding an exclusive Twitter Q&amp;A from Australia on Friday 14 December AEDT! 

Tweet your questi…",2
Hello Australia! I’m excited to be in your beautiful country and to take your questions. #AskMalala,4
We are releasing our implementation of soft actor-critic (SAC) in both TF and PyTorch! This is the method we've been using fo…,2
"GOP Sen. Orrin Hatch issued a statement expressing regret for telling CNN ""I don't care"" when asked about President Trump being im…",0
" I`d have responded, if I were going",2
 Sooo SAD I will miss you here in San Diego!!!,0
my boss is bullying me...,0
 what interview! leave me alone,0
" Sons of ****, why couldn`t they put them on the releases we already bought",0
http://www.dothebouncy.com/smf - some shameless plugging for the best Rangers forum on earth,2
2am feedings for the baby are fun when he is all smiles and coos,4
Soooo high,2
 Both of you,2
 Journey!? Wow... u just became cooler.  hehe... (is that possible!?),4
" as much as i love to be hopeful, i reckon the chances are minimal =P i`m never gonna get my cake and stuff",2
I really really like the song Love Story by Taylor Swift,4
My Sharpie is running DANGERously low on ink,0
i want to go to music tonight but i lost my voice.,0
test test from the LG enV2,2
"Uh oh, I am sunburned",0
" S`ok, trying to plot alternatives as we speak *sigh*",0
"i`ve been sick for the past few days  and thus, my hair looks wierd.  if i didnt have a hat on it would look... http://tinyurl.com/mnf4kw",0
is back home now      gonna miss every one,0
Hes just not that into you,2
" oh Marly, I`m so sorry!!  I hope you find her soon!! <3 <3",2
Playing Ghost Online is really interesting. The new updates are Kirin pet and Metamorph for third job.  Can`t wait to have a dragon pet,4
is cleaning the house for her family who is comming later today..,2
gotta restart my computer .. I thought Win7 was supposed to put an end to the constant rebootiness,2
SEe waT I Mean bOuT FoLL0w fRiiDaYs... It`S cALLed LoSe f0LloWeRs FridAy... smH,2
"the free fillin` app on my ipod is fun, im addicted",4
  I`m sorry.,0
On the way to Malaysia...no internet access to Twit,0
juss came backk from Berkeleyy ; omg its madd fun out there  havent been out there in a minute . whassqoodd ?,4
Went to sleep and there is a power cut in Noida  Power back up not working too,0
I`m going home now. Have you seen my new twitter design? Quite....heavenly isn`****?,4
i hope unni will make the audition . fighting dahye unni !,4
 If it is any consolation I got my BMI tested hahaha it says I am obesed  well so much for being unhappy for about 10 minutes.,0
 That`s very funny.  Cute kids.,4
" Ahhh, I slept through the game.  I`m gonna try my best to watch tomorrow though. I hope we play Army.",2
"Thats it, its the end. Tears for Fears vs Eric Prydz, DJ Hero   http://bit.ly/2Hpbg4",2
Born and raised in NYC and living in Texas for the past 10 years!  I still miss NY,0
"just in case you wonder, we are really busy today and this coming with with adding tons of new blogs and updates stay tuned",2
i`m soooooo sleeeeepy!!! the last day o` school was today....sniffle....,0
"A little happy for the wine jeje ok it`sm my free time so who cares, jaja i love this day",4
" Car not happy, big big dent in boot! Hoping theyre not going to write it off, crossing fingers and waiting",2
im an avid fan of **** magazine and i love your magazines,4
MAYDAY?!,2
"RATT ROCKED NASHVILLE TONITE..ONE THING SUCKED, NO ENCORE!  LIKE IN THE 80`S THEY STILL HAVE A FUN SHOW. PEARCY HAS THAT HOTT BAD BOY LOOK",2
 I love to! But I`m only available from 5pm.  and where dear? Would love to help  convert her vids.ï¿½,4
The girl in the hair salon asked me 'Shall I trim your eyebrows!' How old do I feel?,2
egh blah and boooooooooooo i dunno wanna go to work  HANGOVERS SUCKKKKKK Im a drunk mess!,0
:visiting my friendster and facebook,2
"i donbt like to peel prawns, i also dont like going shopping, running out of money and crawling round the car looking for more",0
 which case? I got a new one last week and I`m not thrilled at all with mine.,0
 Then you should check out http://twittersucks.com and connect with other tweeple who hate twitter,2
" also bored at school, its my third freelesson( freistunde )",2
 hm... Both of us I guess...,2
 it is ****...u have dissappointed me that past few days,0
 romance zero is funny,4
 I`d rather do the early run..but I am a morning runner,2
Bah a coworker ran into work late and her bag smacked into my knee  it really hurts now,0
will be back later.  http://plurk.com/p/rp3k7,2
Aw. Torn ace of hearts  #Hunchback,0
 what fun are you speaking of?,2
"i lost all my friends, i`m alone and sleepy..i wanna go home",0
 haha yes,2
I give in to easily,0
What better way to spoil mum than to let her kick back and relax over a nice meal and a bottle of her favorite wine? Our wine was a red,4
mannnn..... _ got an iphone!!! im jealous....  http://bit.ly/NgnaR,0
Is at a photoshoot.,2
  He`s awesome... Have you worked with him before? He`s a good friend.,4
Yay playing a show tonight! Boo it`s gonna soggy and I`m at work right before playing,2
Chilliin,4
" If you know such agent, do let me know",2
I still smell of smoke  #kitchenfire,2
 a celtics-lakers rematch sounds better don`t you think? lol,4
"Anyone have an extra Keane ticket? I promise to buy you a drink and take rad pics for your FB / Blog / Flickr., etc",2
"'you can ride one, you can catch one, but its not summer til you pop open one'  ?",2
 she is good! so gor-juz yea i kno i asked her yesterday when we were at tha hospital if she talked to u and she said no,2
OK - I`m out of here for now. Just popped in to say Hi and check on things. I`ll probably head to the guttah later on tonight,2
"WOW, i AM REALLY MiSSiN THE FAM(iLY) TODAY. BADDD.",0
 My sources say no,2
I am sooo tired,0
" Hey, you change your twitter account, and you didn`t even tell me...",2
 THANK YYYYYYYYYOOOOOOOOOOUUUUU!,4
 lucky kid...i so wanna see loserville  pity im in oz....,4
fell asleep waiting for my ride!,2
Sick. With a flu like thing.,0
"Still no reply from  about my SimFinger problem  So no iRape parody video until I get a response, sorry guys",0
Happy Star Wars day everyone! and Enjoy the holiday (UK),4
 Miles from you   I`m in Essex so give me plenty of warning so I can arrive in time to get at least one of those free beers.,2
"His snoring is so annoying n it keeps me from sleeping (like right now, lol) but I honestly wud miss it if it eva left  I love him.",2
i miss you bby      wish you were going tomorrow to make me do good.,0
 Well what im working on isn`t QUITE ready to post about publicly (still beta testing) but its a cool new script I coded,4
 SWEEEEET - San Fran is awesome!!!!  Love it there,4
_Mounce yes and it lasts way past my bedtime!,2
 Hi  how are you doing ???  *just joined twitter...*,2
waiting for sleeping pills to kick in... gonna be so tired at work tomorrow,0
eating ice cream and then getting ready for graduation.,2
Happy Mothers day to all you Mums out there,4
" CASEY`S GONE?!?! BUT WHY?! So, she piddled a little on the carpet. She`s prolly freaked cause it`s new. Can we get her back?",0
 hemp cloth is marvelous but unfortunately no,0
Gonna read a story bout adam lambert online then bed. Nighty night,2
 We saw that in none 3D - the baddie`s the best,4
4am. And Im on the beach. Pretty,4
" Certainly not Cheers than, huh?",2
"1 week post my'horrible, traumatic jumping cholla accident.'-cholla`s next dirty trick:pieces are starting to emerge from my hand! Ouch!",0
i realy wanted to go out cause its so nice but everybodys busy,0
 Awesome.  I`m down in Ocean Beach (if you know where that is.) By the way. 'YourBiggestFan' I`m a re-al big fan of you-rs.,4
at least I get to watch over time  Let`s go Pens!!,2
 cool i wear black most of the time when i go out,2
 haha I do not know how to work blip apart from the obvious! thanks for reblipping my song  have a nice day ****,4
 have a safe trip joshy poo.......you`ll knock them dead at your speech,4
" woof, I wish I was allowed to go",4
if u have a friendster add me!!!!!!!!!        my email adress      add me  loco_crime_1st.com        add me leave some comment,2
  has tickets.......?,2
"Thank you, Afrin Nasal Spray! Also, I got a giant teacup tonight!",4
 ACSM. it`s unfathomable.  i think the other one .. and the .. is one that should be kept to the comfort of our bedrooms. yes?,2
"Aww, I love my daddy! He works 7 days a week almost all day and still tries to go to SF with all of us",4
So many tests todayyy  I don`t feel confident about anyy.,0
graduation is done  im a little sad.. anyone want to hang out???,0
 hahaa your awesomee !,4
holy smokes! star trek was freaking awesomeeeee,4
"I hate Fallout 3 it keeps making me jump, I`m also low on health, money, ammo and food  don`t worry I`ll get through it.",2
" I had it! On my itunes, but then I lost all my songs.",2
What`s with the gloomy weather? The sun must be too tired to come out and play  heading to victoria gardens for some impulse buys haha,2
"Not looking forward to next week: Maths, Geography, English and French exams, totalling 7 hours",0
" Poor you  Get outside and sleep in the garden, the sun will do you good. But don`t forget suncream!!!",0
not well,0
 Not a prob hun,4
"at dads, watching some mtv and am going on sims2 in a minutee",2
 Absolutely,2
 what`s the matter chickadee?,2
 hey mia!  totally adore your music.  when will your cd be out?,4
"Shopping. Cleaning. BMFing. Webcam chatting with nephews. Nothing spesh, but a good bank holiday Monday nonetheless",4
 =O you need to ask him something? Lmao I love him too,4
 those splinters look very painful...but you were being very heroic saving mr. Pickle,0
 why are you sad?,0
 Nice to see you tweeting!  It`s Sunday 10th May and we`re celebrating Mother`s Day here today. So be nice to yer Mom,4
decided 2 trans frm relaxed 2 natural hair but i wish my whole head looked like my roots.  Age of the instant gratification....,4
 Namaskar & Namaste r both the same. Marathi people say Namaskar! its a marathi word.... should i ? ...naaaah !,2
" Congrats!  I cuss like that in a matter of minutes, But didn`t know until now there is a reward for it.",2
Humous and Dorito`s.... Oh yes,2
"missed all the awesome weather, because she was in a movie!",0
Today is going to be a normal day for I hope. We had a group of pilots from a large airline come in last night so it was too much drink,2
"These kids are terrible! If I was in Good Evans, I`d call Childline",0
"Unfortunatley, AerLingus no longer fly to Copenhagen so we`re have to fly Ryanair to Billund and drive up to Copenhagen one of the days!",0
" What`s sad is that I actually had to google that term. That sucks, tho.",0
Hate fighting,0
" I watched that too!!! I didnt want her to win, but she put up a good fight..lol",2
Car-warmed Sprite tastes like sore throat,0
Just came 11th in cross country and beat dumbo,2
Candle wax is very enjoyable.,4
" She`s unassuming and unpretentious. She`s just, as. I suppose that`s why she`s so endearing--because we can relate to her",4
tomorrow valeria`s lunch!!! going to get my hair done but im arraving late   got my cousins babtizm or whatever you spell it,2
goooooddd morning tweets!!  week three OF my workout. did i mention i got my new glasses yesterday?!?,4
 me too. I hate my computer so much..,0
 fine! Going to do my big walk today 20 or so miles,4
I WANT RED CRUISERS!!  i don`t like the other ones. LMFAO!,0
Mmmmmmmm... ? it in the morning,2
 me neither,2
"Has about 10 hours work to do, on a Sunday. Boo. I will find time for a two hour lunchbreak though. Yeah",2
Bugger. forgot I still have washing in my machine,0
"_Laurie sending love, blessings & healing thoughts to you & family  peace",4
My back hurts...really bad,0
" ah yes, I know that feeling",2
Night of the cookers with my dad,2
My modem has been offline for a week now... God bless the 3g network. Tim just left... Again!! May schedule has been brutal,0
 Nope I am in Coquitlam,2
 Had parent teacher thing yesterday!! So boring going to skl on saturday!!  lol,0
  #lichfield #tweetup sounds like fun  Hope to see you and everyone else there!,4
Big booming thunder storm almost here.  Maybe we can all go home early???  Ah... probably not.,2
Few Bevvies 2day in twn..great on a day off!!,4
first night in myers. just not the same w/out lydia!  but i`m actually excited about this summer!,4
 good morning,4
 its the best show EVER!,4
URL in previous post (to timer job) should be http://bit.ly/a4Fdb. I`d removed space which messed up URL.  ^ES,0
i think iv hurt my tooth  and eilish and cassie are having a drawing competiton to draw cookies and pineapples haha :L .,2
 I want to know when the auditions are Mander! Text or...reply please!,2
or even NOOOOO NOT THE SECRET NAMEREBECCA PLEASE,0
 I miss my neice  can`t wait to see her bad n grown ****! Lol,0
i need to get my computer fixed,2
really hopes her car`s illness is not terminal...,0
"All the cool people I want to find for following today are #English, and I guess the English don`t tweet.",2
 no sir...i woulda put honey...but i don`t have any,2
who watched X-men origins: wolverine? i totally loved it! haha,4
 I VOTED!!! do u have a personal myspace? i keep talking to fakes   i <3 you. u helped me thru the hrdest time of my life! (: x,4
 I`m sad that I missed you guys last night!,0
Finally got a call for marriage counseling 3 days late....,2
 ok then,2
_420 why baby?,2
today was the last day of high school for me and i ended up going home sick! ... stupid dead rats,0
We`re having an impromptu pool party... Except I don`t know how to swim so I can`t get in,2
lost my tooth 2day whilst i was eating gum...oww,0
happy 1 year! <3,4
"Oh, I HELLA forgot to say my official good morning  Like to hear it? Here it go! Goooooooooooood Morrrrrrrrning Twitterville! Lol",4
 *phew*  Will make a note in case anyone else runs into the same issueï¿½,2
  WHAT ABOUT ME ??  I VOTE EVERY DAY FOR YOU !!!!!,0
I`m starving!! This diet is killing me but I can`t eat after 8pm,0
 i talk to you,2
im soo bored...im deffo missing my music channels,0
 nite nite bday girl  have fun at concert,4
"Had nicotine replacement patch on for 4 hours. So far, so good, but I did sleep for most of those 4 hours. Getting a bit twitchy now",2
_Sanderson What`s with Twatter lately?  Either I can`t get on or the replies don`t turn up!,2
should be sleeping.  lost my voice a couple day ago.,0
http://twitpic.com/66xlm -  hate when my PARKED car gets hit,0
 I`ve heard this fall. I`m waiting too!,2
 more nightmares?  *huggles*,2
I AM SUCH A CREEPER  I feel disappointed because of it. **** my cyberstalking skills   the internet = no more privacy.,0
going to bed its late and I have headache,0
happy mother`s day to all moms out there...,4
Grabbing coffee from  then making mom breakfast,2
im thinking that im going to have fun tonight....and maybe some changes are coming,4
 thanks. before the major chop.,2
" Haha I know, I cant handle the fame!  and thank you!",4
just got up and updated my ipod,2
 yes! sober HAHAHA tanghaling tapat dude! haha WILD. i don`t knowwww  plan plan  before you go to US!,4
 We never miss ICarly - my son has a huge crush on Miranda,4
Saw James carville in the store today. His head is really that bald,2
yellow for   ? http://blip.fm/~5z05g,2
 which means you`re just going to have to come back to vancouver and have it our way! hahah,2
Feeling smooth like chrome,4
Ew traffic,0
"downloading songs while trying to sneak a lil homework in too, which should be my main priority not songs lol",2
@_Ra_Ra_ your not alone...i need coffee too.,2
 Sounds like me,2
Bad day  The day you realize what mess you`ve put me through will be one of the happiest days of my life...,2
Walking to class. I hate not having a bike....especially mine.,0
_nesmith,2
"failed inspection. Did you know you can pass wo/oven, but not wo/anti-tip bracket, which is only sold w/oven? This is worse than taxes.",0
"JONAS BROTHERS - Live to party.                It`s rocking so hard     I love the song,",4
happy mother`s day to all the mothers in the world.,4
"35mins through the 1hr 20mins Google Wave demo, that looks a lot of fun, would love to test it though.  http://bit.ly/WnMSc",4
Sleepy Tabz is heading to bed.  Fun night! Listened through the next episode of Joss`d!,4
The exception for a short dude: Larenz fineass Tate yum,2
"Screw the reviews, I thought Wolverine was awesome. But not enough Dominic Monaghan for my liking.",4
"If you followed us recently, PLEASE dont be offended that we haven`t followed back. We hit our limit.   Hopefully we will be free soon.",4
 Yes i work 6 to 3...,2
" Hmmm, maybe that`s what they meant. They eluded to something brand new but you know how the media is",2
Done at the spa   now meeting vic for some late lunch!,2
Happy monday  up and about going to tavares today. Hope everyone has a blessed day!,4
 Always have wanted to go to Oz,2
 Thx,2
 http://twitpic.com/4jaz5 - Cool... luv it,4
  that`s why I need to be there...To represent the Blackberries,4
Okay so I`m dedicating my 300th tweet to the fact that I`m going to the Apple store because there is a HUGE crack on the glass screen!,2
 If only we could ever actually be allowed to stay here and do that,2
 Let me know how that turns out!!,2
 was that sass I detect?  As long as it isn`t back sass! Haha,2
" yeah I was thinking about that ,ahaha",4
 Sports Bar Shatranjanpoli Rest Ph 26498457 All Sports Bar Andheri W 26733333 Dont know whether that helps. Google ki jai ho,2
I`m not sleeping at all until  accepts my appology,0
"Wolverine Was BOSS! Seriously, And Will.I.Am Was In It, What The **** ??",0
" I live for pain, bring it on",2
"okay, i`m out for a while  back later!",2
  #powerblog What is this powerblog challenge you keep talking about?  I`m a newbie follower,2
almost died. Laptop screen was set to 100% brightness after I reinstalled Windows Vista. Got a headache now  #insanedefaults,4
Waiting for tish to get off. Got to drive my moms CRV to pick her up all my myself and duckie. First time,2
"Trying to decide on a movie with the friends.. not going to well! lol :p  No bible study 2nite, which means ****-day cake  buy my own??",0
going to shower because i don`t want to smell at school tomorrow,2
 Sigh... you know I am...,2
"discovered cause of a bug in the new #NetPLAYER 4 build. Publishing bug fix now, hopefully new beta by tomorrow",4
Here are 4 FREE twitter tools will get you followers  http://short.to/511q http://jijr.com/hulz http://short.to/511r http://2ve.org/xPG0/,2
just got home from work.... and is chugging down a big bottle of apple juice.,2
 Yes it does. Please dont` go. If you die I will cry.. which normally leads to small animals getting harmed,0
writing report cards  soooo tired but what an amazing day. check it out on fb soon!,4
 it was only once for my big brother...and I`m done now,2
good news: finally finished my #EASactive workout that has been paused for 6 hours. bad news: my resistance band is torn,2
"Well good morning all, What a wonderful day in the neighborhood  Thanks for all those that are now following another 60 this morning",4
FTSK and Mercy Mercedes were amazing tonight.. as always,4
  hope he is ok!,4
can`t school just be done already? it hurts too much... seeing him every day,4
"I waited, listening to wind blowing through the tumbleweed? Are none of you old enough to know what to do when someone says 'Crackerack'?",2
 Hell Yeah!,2
 HIM shirt at dinner? Do you need to ask??  Does it actually have Ville on it?,2
 i know!!,2
 huh what the ****? Smelly? Noooo. I love alex Vixon,2
"Went to a party last night. Dindin and I showed up in matching outfits ) GREAT MINDS THINK ALIKE ) Anyway, happy birthday, ate lara",4
" Happy b-day! Just woke up on this side of Earth, so wishes are bit late",4
"thank you for teaching me values and to be a better person each day  I LOVE SO MUCH, YOU`RE THE BEST MUM IN THE WORLD",4
HAPPY MOTHERS DAY.!,4
" *laughs* I`m glad that you have self confidence - it`s a wonderful trait to have  I`ll applaud extra loud for it, okay?",4
  Thanks,4
twittering after 2 days!,2
Getting ready for week  Its too nice today to be stuck inside working!,4
I am tres depressed,0
"Felt like ****, behaved like my son; ate to compensate. Pigged out on home-roasted sugar almonds. Painful tum, threw up, still feel sick.",0
Happy Mothers Day people. i love my mom a lot still,4
 I`m sorry to hear that.,0
" That`s awesome dude, yay for surprise celebrities!  I got to meet him a few years ago, he was soooo friendly.",4
" it makes me happy to hear a girl talk, or tweet, about the nba. but... could you give my nuggets some love?!",4
Is getting the hang of Twitter.,2
You know your neck is jacked up when you are forced to pay for parking bc you can`t turn you head to parallel park in the free spaces...,0
I want it BACK NOW!: http://bit.ly/PP1WZ,2
Going to miss my roomie ... We will no longer be roomies starting tomorrow,0
"bathing with two little angels, Keyla and Janice.",2
" Yep, finished, chocked full of spelling and grammatical errors, but I`m cleaning it up tomorrow and popping it up  hehe",0
 HAHAHHA lol true that! i always remember my BD but i can never remember what date or even day it is,2
"Family is here,hanging with them",2
Watching Ellen Love her!! then doing the dishes  and tanning ...it`s gorgeous out!,4
 what`s goin on hun?  I`m worried about you,0
 Im not bannished... but I am at work till 6,0
" Morning! If I get to see it, I`ll let you know. Right now, I`m going to go see Wolverine.",2
" red top tabloids, build em up, knock em down",2
tonight in party w/ my girls (minus vita),4
  why not now you made me sad I thought you`d be jumping for joy,2
 Simple my a#@,2
"The pics I just uploaded are the baby pics of my cats. Missy is now an adult and a pretty little kitty, but Batty is in kitten heaven now",2
" I saw the play of it here, it was amazing",4
 _ i am glad to break my twitter virginity with you two.,4
Dinner with the fam... I have missed them,0
"_Live That`s what I want. More the better. Bound to be a few bad eggs though, but they will soon learn.",2
Hell yeah Kellynn got a Twitter. Finally.,2
" I know   It was worth a shot, though!",4
"Just opened a facebook account, I`m a little confused I don`t really get it. Twitter seems much better",4
Ship. I`m stuck.,0
DUSTBIN BABY ON AT 11.30 Cannot wait  x,4
" Not going to dwell on it. It happened, it`s passed. Just a shame as he was so supportive! Such is life!  x",0
,2
It looks like the office TV DOES get MLB Network... and it looks like MLBN will NOT be televising the DET/BAL game today  #wieters,2
Home empty handed.  No comics found today.  I shall now indulge in my cupcakes from Magnolia Bakery.,2
Laying in bed til workkk... Oh the life. Definitely pinched a nerve.,0
today is a busy day. exhausting!,0
" I was going to go on Sunday, but now I`ve got too much going on that weekend",2
 Sorry to hear ur flight got cancelled  that blows!!!,0
ohh my tooth is hurts ohh  im sad it very hurts,0
"Before I get too distracted, I`d like to thank my new followers for taking the trouble to follow me! And to my others: feelin the love",4
 u think u have bills Ha!Ii just finished paying mine that`s y I`m broke,0
 Not sure it didn`t say it was 2 big. I jst saw the pics of u on ur last bday. You looked so pretty!! I miss you!!,2
sore throat. Planning the TET outing to Marwell though...good times,2
mcfly gig last nightt omg it was amazin didnt sit down through the whole thing  mcfly did you see me and ma best mate we were in tutus,4
2 days without sleep and now a migraine. I thought life postR01 was meant to be relaxing,0
 There!,2
?sucks!?..,0
 whens the sway sway winner announced?,2
 K will check it out...,2
" doing pretty well, up and wide awake",4
"i want to wake up early, and get a coffee tomorrow (today) !  it`s going to be a busyy day! but have to keep writing.. booo whoo!",2
I Miss Daddy and Mommy,0
"My dog is officially depressed that my brother`s dogs are gone. He doesn`t want to go outside and when we did, he play half-heartedly.",0
I just realized that I can`t forward text msgs with my iPhone.,2
"My frist post... Off to find a new car for my parents, exciting!",4
Argh noo! Missed The Killers on Wossy!  That sucks! Missed out on Brandon. Total failure! Anyone know if it`s repeated? Must investigate!,0
seriously bored without anyone to talk to... but not tired enough for sleep,0
 I am lost. Please help me find a good home.,0
"It`s a Peter & Gordon morning  -> And I, go to pieces and I wanna hide / Go to pieces and I almost die / Ever... ? http://blip.fm/~5yk38",2
Ok so I`ve now got a bit of a bad back after lifting all drum hardware into my car   downer.,0
 LMAO... Smh!  that one threw me off.,2
 oh nice going!,4
Is getting ready for work... Working all weekend,2
Gonna celebrate Mothers Day with the family but gonna start the partying tonite,4
 i agree with you!,4
 I only do computers. Am hopeless at everything else,0
"90 degrees, gross skies, and thunderstorms...perfect match for my mood  lol",4
_2nd aww thanks!,4
 Sorry RB is on PS3 for me,0
I saw amazing heeels. But they were too big,2
I just stuck my finger down my throat and there are a bunch of bumps on my tongue & throat.,0
dang last url went down  ? http://blip.fm/~7aigm,0
" ohoh i missed all ur tweets  im gonna have to stay awake all night to see the announcement now, **** time difference",0
 Damnit all. That sucks.  You were one of the ones I thought I`d drag back lol,0
 my boss. She`s moving to NYC,2
this is sooo crazy i have fever..,0
is spending her Saturday morning taking notes for a research essay because some stupid **** recalled the book I`m using. Not fair,0
I think i need some new friends,2
 Looking forward to your gig in Ireland!!!  See ya there!,2
Please Review Sunehre Ad Placement  http://tinyurl.com/oow6mk,4
aww  you loooove me,4
"is hungry, twitter.  i want food. </3",2
awesome lucky you,4
" yea, i should know.. but tell me EVERYTHING!  ps: send me direct messages telling..   haha",2
" haha im jewish, i love that one",4
"had a great time out in the beer garden wit the boyos !! I think the sun got to me a bit though, feel a bit ill !!",2
 l`m on 3 days too matt. No fun this weekend.,0
 u really don`t think so?  maybe ur right....lol. btw what phone u using? think u told me b4...i might have an app for u,2
 I feel your pain. Mine is the same way,0
comes home in two days,2
 Sadly no. It didn`t come with one...,0
Cant wait to see my boy tomorrow,4
 ehhh no. just a check up. I have a dentist app next week though. getting my molar pulled/root canal.,2
 aww I miss driving down elmwood,0
Omg Wango Tango was **** AWSOME! I love my baby for taking me,4
"Version 2 of our live, interactive Trans-Siberian ticket planner is launched: http://tinyurl.com/c5ljwm - its very cool",4
_30439 I really wish I could go!,4
" yeah real hard, but I know you`ll get by with it... smile",2
 I`m 25 in december that`s not good at all next big birthday is 30  after 21 it flys by for sure,0
  This has made my night!!  Way too funny!!,4
Woo CAVS.  Happy Mother`s Day!,4
 I make that same face when I get home and your mom is watching soaps.,2
I have to go to work now.,2
 I can`t believe you went and got boba without me.,2
"  And to you too, how are you today?",2
 Thanks for the warm welcome! We didn`t make plans   because our arrival time was so up in the air.,4
19 days and counting,2
 sorry  friends - I`m swamped with deadlines right now and we have family visiting to boot! No charades for me.,0
BRAINFREEZE,2
Just discovered a shortcoming of Gravity. When you use Twitpic (integrated) it doesn`t subtract the pic URL from the 140 character limit,2
"My sunburn is peeling,",0
perky purple nail polish isn`t as perky when its chipped,2
"http://twitpic.com/4sx96 - before they put a CAMERA in the smokers pit.  i can no longer vandalize that door, without being caught.",2
Laying ALONE!! Since Mook`s soo comfy in his f`n play pen. I thought it was ill at first now I don`t have no one to cuddle with...,0
I hate the dentist,0
" nothing aimed at you, just joining in...sorry",0
I`m taking a twitter break. Cell is dying,0
 qood morninq,2
writing my english original writing storyyyyy. and listening to `a little respect` by erasure  aaaaaah.,2
needs more followers,2
I wish I could get my nails done  stupid job,0
The little wormy from labyrinth sadly passed away today but its ok as hes still around in a happy ghost form aww  http://twitpic.com/67aim,2
 the 'no pants' idea could be the new attempt world-wide to attract business back to the airlines.,2
 Have a good one,4
" yep infact she is popular, miss india 99, talented film actress .... and lot more",4
Dosen`t Want To Go To Work Tomorrow,0
Daniel has won DSDS. His voice is great.,4
[-O] i wish the birthday massacre would come to australia  i think they said they`re thinking about it tho.. http://tinyurl.com/p6lfch,2
was hoping to go to Red Lobster this weekend,2
_x_ATL u mean jack barakat`s?! wow so have u ever gone to his house? Hehe i mean ur ssoo lucky to have the address!,4
I sure do hope it becomes 4:20 this afternoon ...,4
 it means that you are now FAMOUS. Congrats!,4
My phone passed away yesterday.. He jumped off the table  Searching for a new phone...,0
"I have such fantastic friends, including several ones met through here! thanks for being in my life - you are such amazing people!",4
tamlyn wishes she was as cool as my sock draw,4
 so no rice or crusty bread with the chili .... aawww,2
"  We are of like minds this evening , my dear!",2
come and save me from my packing please?!,2
"Yes, I love tea. If that makes me typically English then so be it",4
 a mouth for sure,4
_dec0de I finally just have 1 hour of history... at 3.00 pm! but I went to my highschool at 8.00 am to make some homework with a friend,2
 pancakes!! with lemon and sugar thanks!,4
" Si, no bueno  I guess I just don`t entertain him :/",0
I`m so hunrgy right now and these heels kill me I can hardly walk in them,0
both electronic keys stopped working. there is no keyhole! cant get in my car. so much for technology,0
" Yay, three followers! Good to know more than one person in this big wide world likes fishies.",4
'my name is Tony!!!!!! ...not hey!!!!' -  poor tony,0
Goodmorning,4
Took a shift tomorrow.    I don`t really feel like working right now.,0
" I love mine, too . happy motherï¿½s day to your mom , John Taylor  . much love to you, too .",4
Saw a black snake in the garden.  Went back for a picture and it was gone,2
http://twitpic.com/4wukt - We bought Ludi her own rug. Dogs are the best,4
No waterfront anymore   faccia luna and clarendon will have to do,0
loves her mum very much! Happy Mothers Day to all the wonderful mothers out there,4
Slipped up and caught the flu  feeling like poop!,0
"i have an urge to play wow but i have to wait 2 weeks til im at my dads! 5+47DAYS TIL MCFLY, im so excited  (L)",4
Ok ... the passengers ... no one is alive ... they`re all dead ... you just don`t know it til the end ... then you cry ...,0
Discovered  and  are sharing on G reader with me and didn`t even know it. Sigh.... I`m such a G reader newb.,2
"is chilled out tonite, so cannot spew venom or write funny. Seems like these are the only 2 styles she has",2
" If u do, please pray 4 me.  Lord knows I need it.",2
aaaaaw i want to live in the USA,2
Morning tweeple,4
" Hey, I didn`t get any !!!",2
 Now you only have 2 hours to sleep...  - Rest if you need it.,4
"  That makes my day so much better, it`s been a rough one. Did I mention I love the new photo!",2
I don`t want to sit at home on prom night. Someone hang out with me,0
Is heading home from foot surgery and wishing she had a boyfriend to come over and cuddle with,4
concert tonight  chackin out and not coming tomorrow!,2
 what happened? I thought you were coming back today....,2
 lol dammit  well then next time then,0
 lol. just don`t ever forget me,4
 Still jealous,0
http://twitpic.com/67qv3 - Me at Forever 21  Ethan couldn`t be there,0
NOW IM SAD BUT IM NOT GIVING IN FIRST..I DIDNT DO NOTHING!!!!    :**-(,0
this week of mine was not easy!  but finally it`s over! (:,0
   Wow what a beautiful picture... and by the way....I am straight....just wanted to let you know!!!     Bella,4
In Arch. Drawing. Checking out MVCC`s CAD degree. Looks good to me,4
" 'there are people and then there are pencils' some are sharp, some are not and some can be sharpened  my pencil philosophy.....",2
"just about to go home. I`m usually `mr. positive` but this has been one of those daze. well, 15 mins until tomorrow!",2
 but you always have lee. Let`s go to Paris,2
 you know you want to come keep me company whilst mum`s at her friends for the night  it`s such a nice evening!,4
cooking with my dad  having lots of fun in the kitchen together,4
Bouncing Rush makes me feel nauseous,0
Off to Woolsery this morning to (hopefully) see North Molton U16 clinch the North Devon League title. Lovely day for it,4
playing singstar without my fave duetter,0
"  you`re missing out, bb! i`m such a cereal nut, i think i like every kind available.",4
" That`s just weird... :\  Oh, and what was it you were drawing for me?",0
Just woke up :o mums singing to her new gn`r cd replacement i bought because im a good daughter,4
"The birds are out,, oh man... That`s NOT cool && I didn`t sleep yet for the night!!!",0
"250 miles down, only 1750 to go. Thats ok, u2 on the radio alwas helps.",4
"My Street Fighter IV skills are lacking, can`t beat Seth on easy.",0
 FIL 461 with cool people like me,4
Good Morning!!! Work and then it`s ESPN`s Sunday night Baseball. hopefully it won`t get rained out,4
 i think it`s under a honeymoon by the good life -- either that or it`s under a honey moon by joseph arthur.,2
my son got stung by a bug for the first time  his little finger is slightly swollen.,0
 it was hours ago i came in.... and it`s only now i realised when i went to buy something online,2
 oh just referring to our lil exchange on LJ with regards to twitter archive postings.,2
Bumping dj opus in the drunk in the car.  lmao. Don`t act like u don`t know.,0
Why kiss the feet of the people who kick you when you can be anything that you want to?  morning everyone! Hope you have the best day ever,4
Here`s a brief preview: http://bit.ly/eHCfP   OMG James is creepy in that role! I`m scared of him,0
I`m missing crab legs and attending my going away instead!,0
Hicks are mean!,0
"gettn ready to take a trip to Jersey my dad`s not doing so good, he needs a new heart~whoeva see`s this please say a prayer for my dad",0
"back soon, need to run to the shops and cut the grass",2
I`m up. I have a plan to transform my bedroom today. Random.,2
"Home until tomorrow. Did my running and spinning. Now time for chiropractor, laundry, shopping, and visiting family. Missing nathan",0
 thats another sponsor,2
" And most of us are going to be stuck in an office, some without windows",0
 No it`s not sad. Should make you proud,0
"   Sorry, we`ll try to keep it down.",0
is home alone.. Doing hw,2
"According to , a quarter of families under six live in poverty.",0
the plan to not spend money is not going well,0
uploading all my bamboozle pictures of facebook,2
 congratulations ! you guys finish a month early than we do. booo,4
" actually, I wish I was back in Tahoe.  I miss it there.",0
"Woke Up,I Wanna Stay In My bed",2
 but my bday is JUNE 19.. this is wack... and ihavent seen any promotions for my bday party  someone better finagle this asap!,0
" It would be great if those VIPS were for some acts I`d enjoy seeing, but noooo.",2
_Marie Wish I could make it too!!! I hate my commute sometimes,2
workin a long day today... hopefully i can make some good tips,4
 but it all went too quick and there wasn`t a chance lol,0
Hates headaches! Maybe I`m not ready to rock,0
 Thanks for the support,4
there`s really no android twitter app of Tweetie`s calibre,2
"had a good day driving up mountains, visiting katie, eating chips & fudge and stocking up on lovely smelling soaps",4
Nyappy mother`s day to your mom`s.,4
yeah.... and im gonna take ur picture off my ipod baby..,2
 traumatizing moment of my childhood. my dogs massacred baby bunnies and my brother and i got out the bb gun...,0
 lol same here....wish there was a way to microsize everything...lol,2
" 'organization ...ITIL, forget about people (and so they fail)' preaching to the converted  IT is the people http://tr.im/kWUA",0
"_Libertine um, glad you enjoyed it...",4
About to have dinner and then an evening of playing cards. Already packed and ready to head home tomorrow   Do we have to go home?,2
 im allergic to cats! my tonsils get swollen and they hurt  what do i dooo?!,0
 He says he feels mama tucking him in at night  He`s lonely but getting by. Tomorrow will be tough!,0
I miss her alot and its only been one day,0
 sounds like you all had a great night . i`m glad it was successful,4
 Thanks for sharing that,4
 you should say mlia instead of fml  i hope you find it soon,4
"Garden going well, almost all the corn and peas are up, no onions or beets up yet though.",4
 nah jkin he`s hot! so... bored now,2
Ahhh i`m sqeaky clean and fresh. Even though i`m wearing dirty clothes  I love Two and a Half Men - it`s amazing!,4
 yes i have read them many times.,2
 Cuz you play a grown up on Twitter?,2
i am living in ignorance  :@,0
 nope... it is telling you that you want cameo creams,2
 AWWWW  we`re gonna miss you!,0
 WE Quite Like Worthing its a relaxing place with nice coffee shops and fresh air.. and not too many Oiks,4
"_terrible haha, that was new  the fact that he couldn`t do it should have cost his part. What kind of Spock is that!",2
today was a lovely day! I had fun with  and  this evening!,4
 Beto`s Pizzeria is on Banksville Rd in I believe the Beachview area... Sorry to answer like 100 years later,0
"sigh, my sisters bein strange.. she came all the way from copenhagen to london, and now her phones turned off.. i wanna see her dammit",0
 it was amazing,4
@ Barbs trying to figure out y the dsl aint connecting. I need my google. Going home to my computer if it don`t start working soon. SMH,2
I`m sick and sad .... missing out on Martini Lounge tonight,0
Seems really quiet tonight...am jealous of those who are clearly having a more exciting life than me   Off to bed I think...,2
Really wishes he had some spare cash to buy the new Punch Out for Wii,0
"Aw, not going to Toronto anymore.",0
 So sorry to hear about your mom! that really sucks,0
 I feel for you  I hope it`s a smooth flight. Be safe! Mucho amor from Boston!,4
Can`t sleep...so I`m watching HGTV. I`m afraid infomercials are about to take over,0
I`m getting me & my family ready for Kaylee`s graduation! It`s gonna make me so sad.,0
 sweet dreams,4
 hay wats ur AIM? we should chat,2
. Okay kool... I might be touring all summer long but we can make it happen!,2
IN PAIN. my big toe got stomped on during the hokey cokeu. it`s throbbing. anyone have any suggestions to heal it?,0
"Time to watch OP, then some Dead Like Me, then sleep.",2
Having dinner with my grandma since I couldn`t be with my mum.,2
 haha thanks  its for history and its on how the invention of television has influence america lol,4
 yea so wassup,2
"Stupid jobs, idk what to do.",0
Shopped til i dropped....come bac sunshine i miss u,0
" Like your pics, Lucky Girl, again",4
 Thank you   I`ve had anxiety issues for years so I think if I can make it through the first couple of days then I will be fine.,2
Around 3 hours left until a 3 day weekend and I have waaaay too much work to do.,2
Feeling loved!  My Mom got me a Nikon Cool Pix for my birthday!!!!,4
" there were attempts to somehow extend inner classes, which would be close to #closure, can`t find the ref ATM",2
 Yes! Join us! All we require is a cupcake donation...,2
i have such a hard time talking to new people -  I am pretty sure I didn`t make a good impression.....,0
_rc234 haha  yup. but still have a terrible headache and super swollen and puffy eyes! i dont think im going out today.ugh!,0
 Can`t access your site!,2
And the Sun is shinning.........at last,4
"We are on the slowest train ever, it stops everywhere. Missed a quick train by a few minutes",0
 nup no cd either.. just a whole bunch of zeros and ones you can have for free,2
My graduation day... And i feel like a failure...,2
ops   that lol wasnt supposed to got to twitter,2
"I don`t think I`ve ever been so tierd in my life.Ugh,goodnight.So sleeping in tomorrow",0
 What are u going to do today my girl?,2
why doesnt he want me anymore,0
bad hair day,0
.....headache,0
sorry guys i didn`t sign in for a while  sorry every1,0
" I am just `okay-okay` .. like the rest of the sane population in the world, I hate mondays",2
mozart`s requiem!,2
" i think i am a bit, in love with his creations and wit but not that physically attracted to him although he has great style",2
_a_michael Hey! thanks for another great day! I`m going to sleep now! I`ll chat with you tomorrow!  Sweet dreams!,4
" I bet its cool down in SR, huh? It`s not here. I haven`t stopped sweating since noon when dad and I were packing",0
" OHSHNAPSSS. is she pissed at blair as usual ? hahah. & yeeeah, i bake cookies",2
 no bueno.  hollykins needs to feel better asap.  p.s. i miss you.  you done with uni soon aren`t you?  SOPROUDOFYOU.,2
" http://twitpic.com/4v0vr - cool! you and your mother have awesome hair styles,! Wish her a happy mother`s day!",4
happy mother`s day mothers.,4
<---My expression watching this again: http://tinyurl.com/eqbwe,2
Stupid bipolar weather ruined my day off,0
 I didn`t want to tell you but I think it`s your body odour,0
 nice beta for easports still no news on the online for madden,2
 thats pretty bad quality and probably the worst pic u posted till date,0
I missed your calls,0
 Unfortunately for us it looks like there are NO funny people on twitter  Should we move to FB or start our own...flitter,0
just came back from karaoke & eating dinner with emily. it was sooooo much fun,4
 Discrimination is not a bad thing. I`ve learned to say no. My children would say I mastered that years ago,4
 sure i can talk....the fabulous **** part though is out  sorry dear,2
" did you see the 15 sec clip of the New Moon trailer?? its up on ETonline.com ...check it out. its a big tease, though",0
Just got back from working out. I`m feeling pretty good. work at 4:30,4
Ahhh My Satz blend didn`t save,2
" So!!! Why should that matter? I bet you would be GREAT at it! I do!!! It`s what you love, right? Why not go for it!",4
DH is just about finished making his giant Trio candy bar. Thank the heavens. His work mates are in for a treat tomorrow!,4
My ear are popping.,2
